Pool_ID,Site,Lat,Long,Length,Width,Area,Avg_Depth,Volume,Avg_Lip,Temperature,DissOx,Chlorophyll,Turbidity,PCT_EmgVeg,PCT_SAV,Bottom_Type,Densiometer,Fish_Visible,Physid_Snail,Pleurocerid_Snail,Viviparid_Snail,Planorbid_Snail,Other_Snail,Asian_Clam,Fingernail_or_Pea_Clam,Leech,Worm,Flatworm,Nematode,Bloodworm,MosquitoLarvae,Other_Dipteran,Water_Scavenger_Beetle,Predacious_Diving_Beetle,Crawling_Water_Beetle,Whirligig_Beetle,Riffle_Beetle,Other_Beetle,Water_Boatman,Backswimmer,Water_Bug,Water_Strider,Skimmer_Dragonfly,Darner_Dragonfly,Caddisfly,Stonefly,Damselfly,Small_Squaregill_Mayfly,Small_Minnow_Mayfly,Other_Mayfly,Water_Mite,Spiders,Aquatic_Sow_Bug,Sideswimmer,Crayfish,Tadpoles,Fish
BE-028,BE,4159112.695,813150.5601,61.5,53,2560.005314,26.7,68352.14187,9.25,NA,NA,NA,NA,0,0,SM_STONE,NA,0,10,6,4,0,0,0,0,0,0,0,0,1,71,0,0,0,0,0,0,0,0,0,0,1,0,0,1,0,0,0,0,0,0,0,0,5,0,0,0
BE-062,BE,4159197.079,813153.3958,45,51,1802.488785,40.5,73000.79579,3.875,NA,NA,NA,NA,0,0,ORGANIC,NA,0,130,0,0,0,0,0,0,0,1,0,0,3,12,0,0,0,0,0,0,0,0,0,0,0,0,0,0,0,0,0,0,0,0,0,0,0,0,33,0
BE-074,BE,4159164.199,813178.1676,77,63,3809.966491,16,60959.46385,47.75,NA,NA,NA,NA,0,0,MUD,NA,1,25,0,0,0,0,0,0,0,0,0,0,21,0,0,0,0,0,0,0,0,0,0,0,1,0,0,0,0,0,0,0,0,0,1,0,42,0,0,6
BE-084,BE,4159170.94,813187.1272,98,61,4695.110221,32.5,152591.0822,11.5,NA,NA,NA,NA,0,0,SAND,NA,0,43,0,0,0,0,0,0,0,0,7,0,0,0,0,0,0,0,0,0,0,0,0,0,0,0,0,0,0,0,0,0,0,0,0,0,4,0,0,0
BE-152,BE,4159115.495,813259.6098,113,75,6656.249435,45.375,302027.3181,16.75,NA,NA,NA,NA,0,10,LG_STONE,NA,0,16,0,0,10,0,0,0,0,0,0,0,4,0,0,4,0,0,0,0,0,0,0,0,0,0,0,0,0,0,0,0,0,0,0,0,3,0,0,0
BE-161,BE,4159121.384,813268.7351,54,47,1993.340539,14.375,28654.27024,18.25,NA,NA,NA,NA,0,0,MUD,NA,0,68,0,0,2,0,0,0,0,0,9,2,42,6,0,0,0,0,0,0,0,0,0,0,2,1,0,0,0,0,0,0,0,0,0,0,27,0,4,0
BE-193,BE,4159137.115,813264.4868,71,69,3847.665602,38.125,146692.2511,14,NA,NA,NA,NA,10,0,MUD,NA,0,4,0,0,0,0,0,0,0,0,0,0,65,336,0,3,7,0,0,0,0,0,0,0,10,3,0,0,0,0,0,0,0,0,0,0,2,0,19,0
BE-324,BE,4159214.424,813285.0939,58,39,1776.570646,13.875,24649.91771,12.5,NA,NA,NA,NA,0,0,ROCK,NA,0,0,0,0,0,0,0,0,0,0,0,0,119,30,0,0,0,0,0,1,1,0,0,0,0,0,0,0,0,0,0,0,0,0,0,0,0,0,0,0
BE-345,BE,4159211.633,813377.4321,64,52,2613.805088,6.5,16989.73307,19.5,NA,NA,NA,NA,10,0,MUD,NA,0,10,1,0,0,0,1,3,0,0,0,4,31,94,0,0,0,0,0,0,0,0,0,0,0,1,0,0,0,0,0,0,0,0,0,0,44,0,0,0
BE-359,BE,4159168.381,813317.963,132,43,4457.919975,20.75,92501.83949,10.75,NA,NA,NA,NA,0,20,MUD,NA,0,137,0,0,0,0,0,0,0,5,0,0,215,15,0,1,2,0,0,0,0,0,0,0,0,0,0,0,0,0,0,0,0,0,0,0,0,0,0,0
BE-361,BE,4159148.508,813316.9294,55,46,1987.057353,10,19870.57353,19.75,NA,NA,NA,NA,0,100,MUD,NA,0,0,0,0,0,0,0,0,0,0,0,0,7,2,0,0,0,0,0,0,0,0,0,0,0,0,0,0,0,0,0,0,0,0,0,0,0,0,0,0
BE-365,BE,4159151.904,813298.6379,23,20,361.2831552,9.25,3341.869185,18,NA,NA,NA,NA,0,0,MUD,NA,0,1,0,0,0,0,0,0,0,0,0,0,5,39,0,0,0,0,0,0,0,0,0,0,0,0,0,0,0,0,0,0,0,0,0,0,0,0,0,0
BE-378,BE,4159190.347,813310.9181,65,54,2756.747554,16.625,45830.92808,28.75,NA,NA,NA,NA,50,0,SM_STONE,NA,0,51,0,0,0,0,0,0,0,1,0,0,0,1,0,0,0,0,0,0,0,0,0,0,1,0,0,0,0,0,0,0,0,0,0,0,0,0,0,0
BE-400,BE,4159123.86,813160.0571,35,19,522.2897787,3.5,1828.014225,12.75,NA,NA,NA,NA,0,0,MUD,NA,0,0,0,0,0,0,0,0,0,0,0,0,0,24,0,0,0,0,0,0,0,0,0,0,0,0,0,0,0,0,0,0,0,0,0,0,0,0,0,0
BE-425,BE,4159157.494,813195.1693,111,89,7758.948456,39.75,308418.2011,26.5,NA,NA,NA,NA,10,0,LG_STONE,NA,0,0,1,0,0,0,0,0,1,0,0,0,28,0,0,0,0,0,0,0,1,0,0,0,0,0,0,0,0,0,0,0,0,1,0,0,2,0,0,0
BE-488,BE,4159183.464,813121.3565,123,86,8307.941772,36.5,303239.8747,12,NA,NA,NA,NA,0,10,MUD,NA,0,47,0,0,0,0,0,0,0,0,0,0,51,0,0,0,0,0,0,0,0,0,0,0,0,0,0,0,0,0,0,0,0,0,0,0,0,0,0,0
BE-489,BE,4159174.416,813126.3901,67,49,2578.46217,12.5,32230.77713,7,NA,NA,NA,NA,80,0,MUD,NA,0,25,0,0,0,0,0,0,0,0,0,0,0,0,0,0,0,0,0,0,0,1,0,0,0,0,0,0,0,0,0,0,0,0,0,0,0,0,0,0
BE-495,BE,4159166.949,813123.1367,85,58,3872.012946,21.6,83635.47962,4.875,NA,NA,NA,NA,0,0,MUD,NA,0,3,0,0,0,0,0,0,0,7,1,0,40,0,0,0,0,9,0,0,0,0,0,0,0,2,0,0,0,0,0,0,0,0,0,0,0,0,5,0
BE-664,BE,4159144.331,813295.8782,212,120,19980.52928,28,559454.8198,19.25,NA,NA,NA,NA,40,0,SM_STONE,NA,0,8,0,0,0,0,0,0,0,1,0,0,0,0,0,0,0,0,0,0,0,0,0,0,1,0,0,0,0,0,0,0,0,0,0,0,0,0,0,0
BE-717,BE,4159200.011,813352.4996,70,65,3573.561643,10.5,37522.39726,17.5,NA,NA,NA,NA,0,10,LG_STONE,NA,0,9,0,0,0,0,0,0,0,0,0,0,3,0,0,0,0,0,0,0,0,0,0,0,4,0,0,0,0,0,0,0,0,0,0,0,0,0,0,0
BP-01,BP,NA,NA,64,39.4,1980.460009,41.9,82981.27437,23.25,NA,NA,0.046,3.5645,0,0,SM_STONE,94,0,0,0,0,0,0,0,0,0,0,0,0,82,49,0,0,0,0,0,0,0,0,0,0,0,0,1,0,1,0,0,0,0,1,0,0,0,0,0,1
BP-02,BP,NA,NA,143,68,30533.36,57.125,1744218.19,62.5,18.9,5.77,0.046,5.159,0,0,LEAFLITTER,84,0,0,0,0,0,0,0,0,0,0,0,0,12,0,0,0,0,0,0,0,0,0,0,0,1,2,0,0,0,0,0,0,0,0,0,0,0,0,1,0
BP-03,BP,NA,NA,84.5,85,22553.05,82.425,1858935.146,9.05,19.7,7.23,0.073,1.861,0,0,SAND,87,0,0,0,0,0,0,0,0,0,0,0,0,7,1,0,0,0,0,0,0,0,0,0,0,0,0,0,0,0,0,0,0,0,0,0,0,0,0,0,0
BP-04,BP,NA,NA,55.7,26.5,4634.797,28.975,134293.2431,28.625,19.9,8.09,0.039,3.139,0,0,SAND,100,0,0,0,0,0,0,0,0,0,0,0,0,17,0,0,0,0,0,0,0,0,0,0,0,0,0,0,0,0,0,0,0,0,0,0,0,0,1,0,0
BP-05,BP,NA,NA,132.2,73.5,30510.438,16.175,493506.3347,70.05,21.2,8.14,0.042,2.749,0,0,SAND,74,0,0,0,0,0,0,0,0,0,0,0,0,0,2,0,0,0,0,0,0,0,0,0,0,0,0,4,0,0,0,0,0,0,0,0,0,0,0,0,0
BP-06,BP,NA,NA,100,95,29830,15.625,466093.75,35.125,19.4,9.9,0.113,2.098,0,0,ROCK,80,0,0,0,0,0,0,0,0,0,0,0,0,20,35,0,0,0,0,0,0,0,0,0,0,0,0,0,0,0,0,0,0,0,0,0,0,0,0,0,0
BP-07,BP,NA,NA,64.5,43.5,8810.055,67.725,596660.9749,14.375,20.9,7.47,0.036,3.674,0,0,SM_STONE,68,0,0,0,0,0,0,0,0,5,0,0,0,5,3,0,0,0,0,0,0,0,0,0,0,0,0,0,0,0,0,0,0,0,0,0,0,0,2,0,0
BP-08,BP,NA,NA,82,35,9011.8,51.125,460728.275,9.25,19.3,6.98,0.048,2.098,0,0,SAND,96,0,0,0,0,0,0,0,0,0,0,0,0,2,5,0,0,0,0,0,0,0,0,0,0,0,0,0,0,0,0,0,0,0,0,0,0,0,0,0,0
BP-09,BP,NA,NA,43,27,3645.54,12.75,46480.635,12.025,20.6,11.05,0.051,1.745,0,0,ROCK,75,0,0,0,0,0,0,0,0,0,0,0,0,1,0,0,0,0,0,0,0,0,0,0,0,0,0,0,0,0,0,0,0,0,0,0,0,0,0,0,0
BP-10,BP,NA,NA,74,56,13012.16,19.85,258291.376,19.8,20.5,9.81,0.06,1.675,0,0,ROCK,30,0,0,0,0,0,0,0,0,0,0,0,0,8,6,0,0,0,0,0,0,0,0,0,0,0,0,0,0,0,0,0,0,0,0,0,0,0,0,0,0
BP-11,BP,NA,NA,72,50,11304,58.225,658175.4,17.075,19.9,9.4,0.044,2.654,0,0,SAND,51,0,0,0,0,0,0,0,0,0,0,0,0,13,3,0,0,0,0,0,0,0,0,0,0,0,0,0,0,0,0,0,0,0,0,0,0,0,0,0,0
BP-12,BP,NA,NA,39,37,4531.02,11.5,52106.73,16.75,21.5,10.1,0.038,1.519,0,0,ROCK,37,0,0,0,0,0,0,0,0,0,0,0,0,3,1,0,1,0,0,0,0,0,0,0,0,0,0,0,0,0,0,0,0,0,0,0,0,0,0,0,0
BP-13,BP,NA,NA,106,45.6,15177.504,9.075,137735.8488,29.375,19.1,6.12,0.047,2.171,0,0,ROCK,94,0,0,0,0,0,0,0,0,0,0,0,0,1,7,0,0,0,0,0,0,0,0,0,0,1,0,0,0,0,0,0,0,0,0,0,0,0,0,0,9
BP-14,BP,NA,NA,36,32,3617.28,7.75,28033.92,10.25,22.2,6.99,0.061,4.799,0,0,SAND,92,0,0,0,0,0,0,0,0,0,0,0,0,0,2,0,10,0,0,0,0,0,0,0,0,0,0,0,0,0,0,0,0,0,0,0,0,0,0,0,0
BP-15,BP,NA,NA,18,18,1017.36,6.125,6231.33,2.625,20.5,4.76,0.067,3.424,0,0,LEAFLITTER,96,0,0,0,0,0,0,0,0,0,2,0,0,19,216,0,9,0,0,0,0,0,0,0,0,0,0,0,0,0,0,0,0,0,0,0,0,0,0,0,0
BP-16,BP,NA,NA,73,58,13294.76,43.75,581645.75,15.5,19.5,9.08,0.045,6.776,0,0,SAND,41,0,0,0,0,0,0,0,0,0,0,0,0,3,0,0,0,0,0,0,0,0,0,0,0,0,0,1,0,0,0,0,0,0,0,0,0,0,0,0,0
BP-17,BP,NA,NA,143,112,50290.24,129.5,6512586.08,12.75,18.7,5.99,0.035,1.99,0,0,ROCK,96,0,0,0,0,0,0,0,0,0,3,0,0,6,14,0,0,0,0,0,0,0,0,0,0,0,0,1,0,0,0,0,3,0,0,0,0,0,0,0,0
BS-01,BS,3855248.486,289240.8776,150,38.5,18133.5,1.5,27200.25,21.25,26.5,2.3,0.363,5.389,0,0,LEAFLITTER,76,0,0,0,0,0,0,0,0,0,0,0,0,80,90,0,0,0,0,0,0,0,0,0,0,3,0,0,0,0,0,0,0,0,0,0,0,0,0,0,0
BS-02,BS,3855254.52,289249.8653,940,220,649352,49.75,32305262,109.25,20.1,7,0.021,3.191,0,0,MUD/SILT,38,0,0,0,0,0,0,0,0,0,1,0,0,5,1,0,1,0,0,0,0,0,0,0,0,4,0,0,0,0,0,0,0,0,0,0,0,0,1,2,0
BS-04,BS,3855240.538,289238.729,46,37,5344.28,1.875,10020.525,9.375,31.7,4.3,0.129,2.146,0,0,MUD/SILT,96,0,0,0,0,0,0,0,0,0,0,0,0,0,0,0,0,0,0,0,0,1,0,0,0,0,0,0,0,0,0,0,0,0,0,0,0,0,0,0,0
BS-05,BS,3855238.105,289236.4811,49,27,4154.22,1.2,4985.064,1.75,28.5,NA,0.113,3.452,0,0,MUD/SILT,13,0,0,0,0,0,0,0,0,0,0,0,0,0,0,0,0,0,0,0,0,0,0,0,0,0,0,0,0,0,0,0,0,0,0,0,0,0,0,0,0
BS-06,BS,3855224.253,289239.53,200,176.5,110842,5.75,637341.5,6.075,30,7.27,0.035,1.707,0,0,SAND,0,0,0,0,0,0,0,0,0,0,0,0,0,0,0,0,0,0,0,0,0,0,0,0,0,0,0,0,0,0,0,0,0,0,0,0,0,0,0,0,0
BS-08,BS,3855221.209,289234.0774,77.47,85.9,20895.67322,27.145,567213.0496,18.2575,28,7.7,0.15,2.148,0,0,MUD/SILT,0,0,0,0,0,0,0,0,0,0,0,0,0,71,48,0,0,4,0,0,0,0,0,0,0,0,0,0,0,0,0,0,0,0,30,0,0,0,0,0,0
BS-11,BS,3855218.641,289248.8344,84,36,9495.36,19.55,185634.288,25.475,27.3,6.95,0.024,1.496,0,0,ROCK,0,0,0,0,0,0,0,0,0,0,0,0,0,169,50,0,0,0,0,0,0,0,0,0,0,0,0,0,0,0,0,0,0,0,0,0,0,0,0,0,0
BS-12,BS,3855215.238,289241.3778,205,139,89474.3,13.85,1239219.055,69,26.3,6.32,0.079,1.863,10,0,SAND,4,0,0,0,0,0,0,0,0,0,0,0,1,229,47,0,0,0,0,0,0,0,0,0,0,0,0,0,0,0,0,0,0,0,0,0,0,0,0,0,0
BS-13,BS,3855216.175,289249.8116,56,51,8967.84,19,170388.96,23.75,26.8,6.34,0.063,2.172,0,0,ROCK,2,0,0,0,0,0,0,0,0,0,0,0,0,27,77,0,0,0,0,0,0,0,0,0,0,0,0,0,0,0,0,0,0,0,0,0,0,0,0,0,0
BS-15,BS,3855213.166,289246.908,180,131,74041.2,81,5997337.2,58.25,24.7,8.03,0.029,1.996,0,0,MUD/SILT,0,0,0,0,0,0,0,0,0,0,0,0,0,1,2,0,0,0,0,0,0,0,0,0,0,23,0,0,0,0,0,0,0,0,0,0,0,0,0,0,0
BS-16,BS,3855212.598,289245.5881,49,41,6308.26,78.125,492832.8125,27.25,34.2,3.92,0.016,1.844,0,0,MUD/SILT,0,0,0,0,0,0,0,0,0,0,0,0,0,2,20,0,0,0,0,0,0,0,0,0,0,0,0,0,0,0,0,0,0,0,0,0,0,0,0,0,0
BS-17,BS,3855213.945,289246.0105,89,52,14531.92,10.375,150768.67,38,28.3,8.52,0.02,1.206,60,0,MUD/SILT,36,0,0,0,0,0,0,0,0,0,0,0,0,0,104,0,0,0,0,0,0,0,0,0,0,0,0,0,0,0,0,0,0,0,0,0,0,0,0,0,0
BS-19,BS,3855214.527,289234.5335,116.84,53.34,19642.6267,4.925,96739.93652,48.89,31.1,7.53,0.041,1.38,0,0,ROCK,0,0,0,0,0,0,0,0,0,0,0,0,0,1,11,0,0,0,0,0,0,0,0,0,0,0,0,0,0,0,0,0,0,0,0,0,0,0,0,0,0
BS-20,BS,3855241.741,289277.0139,115,89,32137.9,16.25,522240.875,14.875,30,9.99,0.134,2.703,0,0,ROCK,4,0,0,0,0,0,0,0,0,0,0,0,0,30,26,0,0,0,0,0,0,0,0,0,0,0,0,0,0,0,0,0,0,0,0,0,0,0,0,0,0
BS-21,BS,3855238.745,289278.0276,58,47,8559.64,40.75,348805.33,6.5,28.7,7.74,0.062,3.825,0,0,ROCK,0,0,0,0,0,0,0,0,0,0,0,0,0,23,2,0,0,1,0,0,0,0,0,0,0,0,0,0,0,0,0,0,0,0,0,0,0,0,0,0,0
BS-22,BS,3855238.61,289276.9125,116.5,123,44994.63,16.875,759284.3813,12.125,NA,NA,,,0,0,ROCK,NA,NA,0,0,0,0,0,0,0,0,0,0,0,7,18,0,0,0,0,0,0,0,0,0,0,0,0,0,0,0,0,0,0,0,0,0,0,0,0,0,0
CR-01A,CR,NA,NA,81,29,7375.86,3.75,27659.475,6,28.3,9.08,0.238,4.3465,0,0,ROCK,0,0,0,0,0,0,0,0,0,0,0,0,0,12,15,0,0,0,0,0,0,0,0,0,0,3,0,0,0,0,0,0,0,0,0,0,0,0,0,0,0
CR-01B,CR,NA,NA,200,93,58404,18.75,1095075,11.125,29.7,7.02,0.0075,2.97,0,0,SAND,28,0,0,0,0,0,0,1,0,0,0,0,0,13,50,0,0,1,0,0,0,0,13,0,0,0,0,0,0,0,0,0,0,1,0,0,0,0,0,351,0
CR-02A,CR,NA,NA,58.5,46,8449.74,1.6,13519.584,2.525,27.3,8.8,0.299,18.59,0,0,MUD/SILT,9,0,0,0,0,0,0,0,0,0,0,0,0,5,0,0,0,0,0,0,0,0,0,0,0,0,0,0,0,0,0,0,0,0,0,0,0,0,0,4,0
CR-02B,CR,NA,NA,81,39,9919.26,2.75,27277.965,11,28.2,6.7,0.207,4.795,0,0,SAND,16,0,0,0,0,0,0,0,0,0,0,0,0,49,22,0,0,0,0,0,0,0,0,0,0,0,0,0,0,0,0,0,0,0,0,0,0,0,0,5,0
CR-03A,CR,NA,NA,63.9,50.8,10192.8168,2.525,25736.86242,4.4,33.8,5.65,0.224,37.41,0,0,SM_STONE,24,0,1,0,0,0,0,0,0,0,0,0,0,0,14,0,0,0,0,0,0,0,0,0,0,0,0,0,0,0,0,0,0,0,0,0,0,0,0,11,0
CR-03B,CR,NA,NA,156,70,34288.8,6.875,235735.5,4,29.8,6.29,0.06,2.57,0,0,SAND,71,0,0,0,0,0,0,0,0,0,0,0,0,79,25,0,0,0,0,0,0,0,1,0,0,0,0,0,0,0,0,0,0,0,0,0,0,0,0,23,0
CR-04A,CR,NA,NA,259,98,79699.48,12.875,1026130.805,13.25,36.1,4.73,0.08,18.06,0,0,MUD/SILT,31,0,0,0,0,0,0,0,0,0,0,0,0,18,0,0,1,0,0,0,0,0,0,0,0,0,0,0,0,0,0,0,0,0,0,0,0,0,0,12,0
CR-05A,CR,NA,NA,38,30,3579.6,3.75,13423.5,4,31.5,5.34,0.48,5.17,0,0,MUD/SILT,77,0,0,0,0,0,0,0,0,0,0,0,0,0,11,0,0,0,0,0,0,0,0,0,0,0,0,0,0,0,0,0,0,0,1,0,0,0,0,0,0
RG-01,RG,3860849.075,295531.5424,68,60,12811.2,8.5,108895.2,26.25,28.4,9.09,0.0315,2.2165,0,0,SAND,0,0,0,0,0,0,0,0,0,0,0,0,0,0,31,0,0,1,0,0,0,0,0,0,0,0,0,0,0,0,0,0,1,0,1,0,0,0,0,36,0
RG-02,RG,3860847.625,295532.5967,96,55,16579.2,25.875,428986.8,14,30.8,6.53,0.0785,2.5445,0,0,ROCK,0,1,0,0,0,0,0,0,0,0,0,0,0,0,0,0,0,0,0,0,0,0,0,0,0,0,0,0,0,0,0,0,0,0,0,0,0,0,0,348,3
RG-08,RG,3860839.234,295524.9085,107,49,16463.02,44.5,732604.39,49.75,29.1,7.59,0.066,6.194,0,0,ROCK,0,0,0,0,0,0,0,0,0,0,0,0,0,1,22,0,0,0,0,0,0,0,0,0,0,32,0,0,0,0,0,0,0,0,0,0,0,0,0,137,0
RG-09,RG,3860838.986,295526.752,104,87,28410.72,6.875,195323.7,16.875,31.8,9.1,0.3505,2.67,0,0,ROCK,26,0,0,0,0,0,0,0,0,0,0,0,0,5,6,0,0,0,0,0,0,0,0,0,0,0,0,0,0,0,0,0,0,0,0,0,0,0,0,744,0
RG-11,RG,3860838.575,295523.942,81.5,39.5,10108.445,36.75,371485.3538,23.875,30.8,8.81,0.045,4.021,0,0,LG_STONE,30,0,0,0,0,0,0,0,0,0,0,0,0,9,0,0,0,0,0,0,0,0,0,0,0,8,0,0,0,0,0,0,0,0,0,0,0,0,0,45,0
RG-12,RG,3860831.451,295521.8316,106,88,29289.92,24,702958.08,14,30.5,8.71,0.179,7.136,0,0,ROCK,8,0,0,0,0,0,0,0,0,0,0,0,0,20,195,0,0,0,0,0,0,0,0,0,0,0,0,0,0,0,0,0,0,0,0,0,0,0,0,177,0
RG-13,RG,3860827.177,295520.6506,95,66,19687.8,5.875,115665.825,62.925,28.5,2.61,0.0665,3.9825,0,0,LEAFLITTER,16,0,0,0,0,0,0,0,0,0,2,0,0,55,828,0,0,0,0,0,0,0,0,0,0,1,0,0,0,0,0,0,0,0,0,0,0,0,0,11,0
RG-14,RG,3860828.418,295523.3397,119,40,14946.4,10.25,153200.6,29,25.2,1.85,0.0815,7.313,1,0,SAND,93,0,0,0,0,0,0,0,0,0,11,0,0,82,459,0,0,0,0,0,0,0,0,0,0,0,0,0,0,0,0,0,0,0,0,0,0,0,0,50,0
UWFPR-01,UWFPR,3911276.504,326564.5114,55.4,44,7654.064,16.625,127248.814,38.75,24.4,4.4,0.141,3.405,0,0,ROCK,28,0,0,0,0,0,0,0,0,0,0,0,0,11,15,0,0,0,0,0,0,0,0,0,0,5,0,0,0,0,0,0,0,0,0,0,0,0,0,0,0
UWFPR-02,UWFPR,3911285.447,326563.2888,52,23.6,3853.408,12.25,47204.248,9.675,27,3.56,0.921,5.862,0,0,LG_STONE,19,0,0,0,0,0,0,0,0,0,0,0,0,9,0,0,0,0,0,0,0,0,0,0,0,2,0,0,0,0,0,0,0,0,0,0,0,0,0,0,0
UWFPR-03,UWFPR,3911283.786,326569.0562,279.2,104.6,91701.5648,15.925,1460347.419,38.55,NA,NA,0.438,8.257,0,0,ROCK,11,0,0,0,0,0,0,0,0,0,0,0,0,2,0,0,0,0,0,0,0,0,0,0,0,1,0,0,0,0,0,0,0,0,0,0,0,0,0,0,0
UWFPR-04,UWFPR,3911285.182,326563.7008,21.3,28.1,1879.3842,72.775,136772.1852,10.85,24.7,4.01,0.9,1.042,0,0,SAND,16,0,0,0,0,0,0,0,0,0,0,0,0,14,11,0,0,0,0,0,0,0,0,0,0,0,0,0,0,0,0,0,0,2,0,0,0,0,0,0,0
UWFPR-05,UWFPR,3911282.956,326563.3685,25,12,942,2.9375,2767.125,13.875,27,3.2,,,0,0,ROCK,4,0,0,0,0,0,0,0,0,0,0,0,0,0,10,0,0,0,0,0,0,0,0,0,0,5,0,0,0,0,0,0,0,0,0,0,0,0,0,0,0
UWFPR-06,UWFPR,3911281.86,326569.6303,34,15,1601.4,1.75,2802.45,25.625,29,NA,0.391,4.202,0,0,ROCK,5,0,0,0,0,0,0,0,0,0,0,0,0,0,2,0,0,0,0,0,0,0,0,0,0,0,0,0,0,0,0,0,0,0,0,0,0,0,0,0,0
UWFPR-07,UWFPR,3911283.281,326564.0197,76,43,10261.52,28.5,292453.32,19,25.9,3.94,0.178,1.32,0,0,ROCK,3,0,0,0,0,0,0,0,0,0,0,0,0,1,1,0,0,0,0,0,0,0,0,0,0,4,0,0,0,0,0,0,0,0,0,0,0,0,0,0,0
UWFPR-08,UWFPR,3911289.913,326562.6443,101,55.5,17601.27,25.15,442671.9405,13.375,26.2,3.84,0.383,1.467,0,0,LG_STONE,12,0,0,0,0,0,0,0,0,0,0,0,0,4,0,0,0,0,0,0,0,0,0,0,0,0,0,2,0,0,0,0,0,0,0,0,0,0,0,0,0
UWFPR-09,UWFPR,3911290.012,326563.7008,204,98,62774.88,33,2071571.04,16.25,24.9,3.82,0.213,1.688,0,0,ROCK,22,0,0,0,0,0,0,0,0,0,0,0,0,7,0,0,0,0,0,0,0,0,0,0,0,5,0,0,0,0,0,0,0,0,0,0,0,0,0,0,0
UWFPR-10,UWFPR,3911274.789,326566.5514,129,23,9316.38,22.625,210783.0975,23,24,4.62,0.339,1.212,0,0,ROCK,63,0,0,0,0,0,0,0,0,0,0,0,0,2,0,0,0,0,0,0,0,0,0,0,0,20,0,0,0,0,0,0,0,0,0,0,0,0,0,0,0
UWFPR-11,UWFPR,3911275.268,326565.0098,22,9,621.72,15.125,9403.515,-,27.6,3.76,0.208,1.39,0,0,ROCK,9,0,0,0,0,0,0,0,0,0,3,0,0,1,68,0,0,0,0,0,0,0,0,0,0,8,0,0,0,0,0,0,0,0,0,0,0,0,0,0,0
UWFPR-12,UWFPR,3911277.128,326569.1894,37,22,2555.96,3.375,8626.365,7.25,26.5,NA,,,0,0,ROCK,18,0,0,0,0,0,0,0,0,0,0,0,0,0,52,0,0,0,0,0,0,0,0,0,0,0,0,0,0,0,0,0,0,0,0,0,0,0,0,0,0
UWFPR-13,UWFPR,3911273.673,326562.425,21,24,1582.56,9.975,15786.036,12.875,26.6,3.93,1.016,2.389,0,0,LEAFLITTER,92,0,0,0,0,0,0,0,0,0,8,0,0,71,90,0,0,0,0,0,0,0,0,0,0,10,0,0,0,0,0,0,0,0,0,0,0,0,0,0,0
UWFPR-14,UWFPR,3911291.534,326564.5646,102,85.5,27383.94,26.875,735943.3875,24.5,24.7,4.08,1.212,0.296,0,0,ROCK,0,0,0,0,0,0,0,0,0,0,1,0,0,1,0,0,0,0,0,0,0,0,0,0,0,4,0,1,0,0,0,0,0,0,0,0,0,0,0,0,0
UWFPR-15,UWFPR,3911275.381,326561.3685,20.5,22,1416.14,21.625,30624.0275,11.625,20.5,3.28,0.174,3.898,0,0,LEAFLITTER,78,0,0,0,0,0,0,0,0,0,0,0,0,30,45,0,0,0,6,0,0,0,0,0,0,9,13,0,3,0,0,0,0,0,0,0,0,0,0,3,0
UWFPR-16,UWFPR,3911277.401,326565.3022,233.5,36,26394.84,5.475,144511.749,5.3,26.7,3.5,-,-,0,0,ROCK,15,0,0,0,0,0,0,0,0,0,0,0,0,3,0,0,0,0,0,0,0,0,0,0,0,5,0,0,0,0,0,0,0,0,0,0,0,0,0,0,0
WS-01,WS,3853121.887,288250.5954,35.2,32.5,3592.16,8.7,31251.792,19.875,26,8.2,0.0515,0.8675,0,0,ROCK,14,0,0,0,0,0,0,0,0,0,0,0,0,1,2,0,0,0,0,0,0,0,0,0,0,0,0,0,0,0,0,0,0,0,0,0,0,0,0,21,0
WS-02,WS,3853123.747,288252.1372,74,48,11153.28,21.5,239795.52,32.775,23.1,6.25,0.145,1.6655,0,0,SAND,23,1,0,0,0,0,0,0,0,0,0,0,0,0,0,0,0,0,0,0,0,0,0,0,0,0,0,0,0,0,0,0,0,0,0,0,0,0,0,46,0
WS-03,WS,3853126.417,288251.6778,42,27.2,3587.136,6.625,23764.776,30.8,22.7,5.28,0.062,1.212,0,0,SAND,10,1,0,0,0,0,0,0,0,0,0,0,0,124,11,0,0,0,0,0,0,0,0,0,0,0,0,0,0,0,0,0,0,0,0,0,0,0,0,0,0
WS-04,WS,3853128.247,288254.1259,96,63,18990.72,48.125,913928.4,25.125,24.2,5.38,0.0145,0.97,0,0,SAND,5,0,0,0,0,0,0,0,0,0,0,0,0,7,13,0,0,0,0,0,0,0,0,0,0,0,0,0,0,0,0,0,0,0,0,0,0,0,15,176,0
WS-05,WS,3853126.723,288255.3129,116,112,40794.88,17.375,708811.04,22.55,22.1,5.75,0.0857,1.347,0,0,SAND,88,0,0,0,0,0,0,0,0,0,0,1,0,59,0,0,0,0,0,0,0,0,0,0,0,0,0,0,0,0,0,2,0,0,0,0,0,0,0,4,0
WS-06,WS,3853121.92,288255.2536,111,111,38687.94,76.125,2945119.433,19.5,24.2,3.44,0.1015,1.9395,0,0,MUD/SILT,0,0,0,0,0,0,0,0,0,0,0,0,0,7,1,0,0,0,0,0,0,0,0,0,0,0,1,0,0,0,0,0,0,0,0,0,0,0,0,5,0
WS-07,WS,3853110.934,288248.8165,59,29,5372.54,5.5,29548.97,37,26.4,8.2,0.027,1.3,0,0,MUD/SILT,4,0,0,0,0,0,0,0,0,0,0,0,0,0,1,0,2,0,0,0,0,0,0,0,0,0,0,0,0,0,0,0,0,0,0,0,0,0,0,0,0
WS-08,WS,3853120.652,288257.1543,128,120,48230.4,67.5,3255552,8.75,23.3,5.45,0.036,2.4655,0,0,SAND,16,1,0,0,0,0,0,0,0,0,0,0,0,1,0,0,0,0,0,0,0,0,0,0,0,0,0,0,0,0,0,0,0,0,0,0,0,0,0,126,0
WS-09,WS,3853113.259,288261.2565,52,53,8653.84,17.125,148197.01,34.5,22.1,7.8,0.1565,3.4525,0,0,ROCK,20,0,0,0,0,0,0,0,0,0,0,0,0,6,0,0,0,0,0,0,0,0,0,0,0,0,0,0,0,0,0,0,1,0,0,0,0,0,0,0,0
WS-10,WS,3853111.567,288261.6745,91.5,61,17525.91,57.7,1011245.007,33.5,23,8,0.028,1.118,0,0,ROCK,30,0,0,0,0,0,0,0,0,0,0,0,0,0,0,0,0,0,0,0,0,0,0,0,0,0,0,0,0,0,0,0,0,0,0,0,0,0,0,0,0
WS-11,WS,3853109.17,288260.9679,58,55,10016.6,13.875,138980.325,26,23.2,5.95,1.2375,0.04,0,0,SAND,14,0,0,0,0,0,0,0,0,0,0,0,0,23,0,1,0,0,0,0,0,0,0,0,0,3,0,0,0,0,0,0,0,1,0,0,0,0,0,126,0
WS-12,WS,3853108.844,288259.9054,67,63,13253.94,24.25,321408.045,28.5,26.4,7.25,0.037,1.2935,0,0,SM_STONE,0,0,0,0,0,0,0,0,0,0,0,0,0,25,12,2,0,0,0,0,0,0,0,0,0,0,0,0,0,0,0,0,0,0,0,0,0,0,0,116,0
WS-13,WS,3853106.025,288259.7117,201,152,95933.28,23.1,2216058.768,40.125,24.5,5.25,0.015,0.9965,0,0,SAND,0,0,0,0,0,0,0,0,0,0,0,0,0,196,0,0,0,0,0,0,0,0,0,0,0,0,0,0,0,0,0,0,0,0,0,0,0,0,0,276,1
WS-14,WS,3853108.828,288262.6519,244,163,124884.08,57.625,7196445.11,51.5,24.1,8.41,0.0175,1.38,0,0,LG_STONE,11,7,0,0,0,0,0,0,0,0,0,0,0,7,0,0,0,0,0,0,0,0,0,0,0,0,0,0,1,0,0,0,0,0,0,0,0,0,0,0,0
WS-16,WS,3853107.84,288263.8964,67,61.5,12938.37,33.625,435052.6913,15.5,23.4,8.38,0.049,1.892,0,0,ROCK,0,0,0,0,0,0,0,0,0,0,0,0,0,0,0,0,0,0,0,0,0,0,0,0,0,0,0,0,0,0,0,0,0,0,0,0,0,0,0,0,0
WS-17,WS,3853103.803,288262.6719,250,194,152290,33,5025570,18.625,24.4,7.33,0.0185,0.9645,0,0,MUD/SILT,4,0,0,0,0,0,0,0,0,0,0,0,0,0,0,0,0,0,0,0,0,0,0,0,0,0,0,0,0,0,0,0,0,0,0,0,0,0,0,0,0
WS-18,WS,3853104.487,288263.5058,35,33,3626.7,6.375,23120.2125,2.375,30.9,9.41,0.1035,4.944,0,0,MUD/SILT,17,0,0,0,0,0,0,0,0,0,0,0,0,0,0,0,0,0,0,0,0,0,0,0,0,0,0,0,0,0,0,0,0,0,0,0,0,0,0,0,0
WS-19,WS,3853138.673,288255.497,71,42,9363.48,15.75,147474.81,15.5,28.7,4.67,0.02,2.066,0,0,ROCK,14,0,0,0,0,0,0,0,0,0,0,0,0,0,0,0,0,0,0,0,0,0,0,0,0,3,0,0,0,0,0,0,0,0,0,0,0,0,0,0,0
WS-20,WS,3853093.209,288256.5928,200,117,73476,18.625,1368490.5,12.5,32,9.91,0.037,1.2845,10,0,SAND,37,7,0,0,0,0,0,0,0,0,0,0,0,0,0,0,0,0,0,0,0,0,0,0,0,0,1,0,0,0,0,0,0,0,0,0,0,0,0,0,0
WS-21,WS,3853101.48,288253.6735,195,105,64291.5,19.625,1261720.688,36,31,7.02,0.0505,1.6375,0,0,MUD/SILT,0,0,0,0,0,0,0,0,0,0,0,0,0,1,0,0,0,0,0,0,0,0,0,0,0,1,0,0,0,0,0,0,0,0,0,0,0,0,0,279,2
WS-22,WS,3853095.968,288237.0938,112,57,20045.76,7.25,145331.76,20.75,28.8,11.23,0.0605,1.78,0,0,SAND,4,0,0,0,0,0,0,0,0,0,0,0,0,0,3,0,0,0,0,0,0,0,0,0,0,0,0,0,0,1,0,0,0,0,0,0,0,0,0,0,0
WS-24,WS,3853110.73,288241.8804,141,94,41617.56,37.625,1565860.695,45,25.2,9.99,0.506,0.9085,0,0,MUD/SILT,14,0,0,0,0,0,0,0,0,0,0,0,0,2,15,0,0,0,0,0,0,0,0,0,0,0,2,0,0,0,0,0,0,0,0,0,0,0,0,152,1
WS-25,WS,3853117.431,288245.4425,52,42.5,6939.4,16.375,113632.675,15.875,28,8.01,0.093,1.0345,0,0,SAND,42,0,0,0,0,0,0,0,0,0,0,0,0,0,2,0,0,0,0,0,1,0,0,0,0,0,0,0,1,0,0,0,0,1,0,0,0,0,0,1,0
WS-26,WS,NA,NA,56.5,33,5854.53,13.575,79475.24475,37.75,23.7,7.88,0.0365,3.096,0,0,ROCK,10,0,1,0,0,0,0,0,0,0,0,0,0,0,0,0,0,0,0,0,0,0,0,0,0,0,0,0,0,0,0,0,0,0,0,0,0,0,0,0,0
WS-27,WS,NA,NA,56,33.6,5908.224,24,141797.376,9,24.2,6.58,1.752,3.0805,0,0,SAND,4,0,0,0,0,0,0,0,0,0,0,0,0,55,31,0,0,0,0,0,0,0,0,0,0,0,0,0,0,0,0,0,0,0,0,0,0,0,0,0,0
WS-28,WS,NA,NA,83.5,49,12847.31,25.5,327606.405,13.25,23.4,8.86,0.0495,1.3035,0,0,ROCK,6,0,0,0,0,0,0,0,0,0,0,0,0,1,0,0,0,0,0,0,0,0,0,0,0,0,0,0,0,0,0,0,0,0,0,0,0,0,0,0,0
WS-29,WS,NA,NA,37,33,3833.94,22.75,87222.135,8.25,21.2,9.33,0.007,1.3746,0,0,SM_STONE,3,0,0,0,0,0,0,0,0,0,0,0,0,1,0,0,0,0,0,0,0,0,0,0,0,0,0,0,0,1,0,0,0,0,0,0,0,0,0,0,0
WS-30,WS,NA,NA,140,59,25936.4,23.875,619231.55,19.25,22.5,9.7,0.009,1.5965,0,0,ROCK,40,6,0,0,0,0,0,0,0,0,0,0,0,0,0,0,0,0,0,0,0,0,0,0,0,0,0,0,0,0,0,0,0,1,0,0,0,0,0,0,3
WW-01,WW,4147291.16,-9265778.464,115,34.5,12457.95,8.25,102778.0875,17.25,23.9,5.34,0.054,4.878,0,0,SAND,36,6,0,0,0,0,0,0,0,0,0,0,0,0,0,0,0,0,0,0,0,0,0,0,0,0,0,0,0,0,0,0,0,1,0,0,0,0,0,0,8
WW-02,WW,4147279.271,-9265779.757,31,21,2044.14,15.5,31684.17,13.75,22.6,0.05,0.0815,2.603666667,0,0,SM_STONE,36,0,0,0,0,0,0,0,0,0,0,0,0,5,115,0,0,0,0,0,0,0,0,0,0,2,0,0,0,0,0,0,0,0,0,0,0,0,0,0,0
WW-03,WW,4147282.398,-9265780.798,44,29.5,1019.446816,11.125,11341.34583,15.375,23.2,5.25,0.0385,7.3045,0,0,SM_STONE,36,0,0,0,0,0,0,0,0,0,0,0,0,2,24,0,0,0,0,0,0,0,0,0,0,3,0,0,0,0,0,0,0,0,0,0,0,0,0,0,0
WW-08,WW,4147292.494,-9265778.464,82,57,3670.951016,14.625,53687.6586,13,29.7,8.22,0.059,3.2545,0,0,LG_STONE,2,0,0,0,0,0,0,0,0,0,0,0,0,0,0,0,0,0,0,0,0,0,0,0,0,0,0,0,0,0,0,0,0,0,0,0,0,0,0,0,0
WW-11,WW,4147297.52,-9265782.442,56,61,2682.920126,40.375,108322.9001,13,26,7.04,0.0225,8.614,0,0,SM_STONE,4,4,0,0,0,0,0,0,0,0,0,0,0,3,0,0,0,0,0,0,0,0,0,0,0,0,0,0,0,0,0,0,1,0,0,0,0,0,0,0,6
WW-14,WW,4147293.187,-9265785.344,36.5,22,630.6747252,21.1,13307.2367,9.175,28.8,8.81,0.08,2.163,0,0,SM_STONE,32,3,0,0,0,0,0,0,0,0,0,0,0,6,0,0,0,1,0,0,0,0,0,0,0,0,0,0,0,0,0,0,0,1,0,0,0,0,0,0,2
WW-17,WW,4147287.17,-9265789.568,51,47,1882.599398,13.25,24944.44202,37.5,22.6,0.94,0.0415,10.505,0,0,MUD/SILT,94,0,0,0,0,0,0,0,0,0,0,0,0,14,83,0,5,0,0,0,0,0,0,0,0,0,0,0,0,0,0,0,0,0,0,0,0,0,0,0,0
WW-18,WW,4147286.932,-9265788.593,178,38,5312.433177,25.25,134138.9377,30.25,24.3,6.56,0.0495,5.5505,0,0,MUD/SILT,74,2,0,0,0,0,0,0,0,0,0,0,0,0,0,0,0,0,0,0,0,0,0,0,0,0,0,0,0,0,0,0,0,1,0,0,0,0,0,0,2
WW-21,WW,NA,NA,68.5,34,1829.192323,12.175,22270.41653,16.825,25.1,8.3,0.0465,5.409,0,0,ROCK,3,0,0,0,0,0,0,0,0,0,0,0,1,0,2,0,0,0,0,0,0,0,0,0,0,5,0,0,0,0,0,0,0,0,0,0,0,0,0,0,0
WW-22,WW,4147289.622,-9265792.883,56,45.5,2001.19452,68.7,137482.0635,28.375,26.1,8.28,0.0305,6.467,0,0,ROCK,69,0,0,0,0,0,0,0,0,0,0,0,0,0,0,0,0,0,0,0,0,0,0,0,0,0,0,0,0,0,0,0,0,0,0,0,0,0,0,0,0
WW-27,WW,4147285.345,-9265796.306,141,57,6312.245039,19.025,120090.4619,16.5,23.2,5.37,0.418,3.989,10,0,SAND,96,0,0,0,0,0,0,0,0,0,0,0,0,5,501,0,0,0,0,0,0,0,0,0,0,16,0,0,0,0,0,0,0,0,0,0,0,0,0,751,0
WW-29,WW,4147280.993,-9265790.876,136,38,4058.937708,15.5,62913.53448,7.5,25,2.84,0.0615,9.3215,0,0,ROCK,96,0,0,0,0,0,0,0,0,0,0,0,0,7,141,0,49,0,0,0,0,0,0,0,0,0,0,0,0,0,0,0,0,0,0,0,0,0,0,3,0
,,,,,,,,,,,,,,,,,,,,,,,,,,,,,,,,,,,,,,,,,,,,,,,,,,,,,,,,,
,,,,,,,,,,,,,,,,,,,,,,,,,,,,,,,,,,,,,,,,,,,,,,,,,,,,,,,,,
,,,,,,,,,,,,,,,,,,,,,,,,,,,,,,,,,,,,,,,,,,,,,,,,,,,,,,,,,
